album_name,release_date_basic
Mentiras: La Serie (Music from the Original TV Series),2025-06-04
Thug Life (Tamil),2025-06-04
Apagar (Fundo Raso),2025-06-05
"Sistemão, Vol. 1 (Ao Vivo)",2025-06-05
Desapaixona Eu (Ao Vivo),2025-06-05
Tak Kan Terganti,2025-06-05
CHÚPAME,2025-06-05
INDÓMITA,2025-06-05
Coleção de Pagodes #1: Yan,2025-06-06
Moose Print,2025-06-11
La Del Proceso,2025-06-11
DÉSOLÉE,2025-06-12
DNA do Mato,2025-06-12
Camisola e Fio (Ao Vivo),2025-06-12
Eu Vou na Sua Casa,2025-06-12
EL SOBREVIVIENTE WWW,2025-06-12
A Better World,2025-06-13
Supercargada,2025-06-13
Won't Stop,2025-06-13
manifestival,2025-06-13
GOLDEN HOUR : Part.3,2025-06-13
Chirapunji,2025-06-13
kahel na langit,2025-06-13
Kalpsiz,2025-06-13
Clean Baby Sleep White Noise (Loopable no fade),2025-06-14
bomb,2025-06-16
Killin' It Girl (feat. GloRilla) (Remixes),2025-06-17
"Jab Tu Sajan (From ""Aap Jaisa Koi"")",2025-06-18
Mortal Kombat,2025-06-18
Iniciando Os Trabalhos - Vol. 1,2025-06-18
Reggaeton,2025-06-18
Olamidé,2025-06-18
Mi Vida Loca (VIVINOS - ALNST Sub : Till Part.1),2025-06-18
Bonde do Brunão,2025-06-18
1%,2025-06-19
+ Te Vale,2025-06-19
Me Mareo,2025-06-19
Blancanieves,2025-06-19
Universidad,2025-06-19
BAILAME ASI,2025-06-19
Alles oder Nix,2025-06-19
Lira Galore,2025-06-20
High On Me,2025-06-20
Gabriela,2025-06-20
Ponme En Tu Boca,2025-06-20
Not Like That Anymore,2025-06-20
Nadhif (laman berikutnya),2025-06-20
Cantando Sua História 2,2025-06-20
ATTENTION!,2025-06-20
WHO'S THAT,2025-06-20
Tropicoqueta,2025-06-20
Outside,2025-06-20
All Gas No Brakes (feat. BigXthaPlug),2025-06-20
Qué Motor,2025-06-20
Dame Un Grrr,2025-06-20
All Night,2025-06-23
2+2,2025-06-23
FAMOUS,2025-06-23
"Chikitu (From ""Coolie"") (Tamil)",2025-06-25
Lover Girl,2025-06-25
Vacilona (Ao Vivo),2025-06-25
Little Demon,2025-06-26
At Peace,2025-06-26
Bir Çift Göz,2025-06-27
FWU,2025-06-27
Adı Yok,2025-06-27
Survive,2025-06-27
Dirty Work,2025-06-27
Virgin,2025-06-27
On My Mind,2025-06-27
MAŞALLAH,2025-06-27
Yerinde Dur,2025-06-27
WU,2025-06-28
APOSTAR EM VOCÊ (Ao Vivo),2025-07-03
Aşiyan,2025-07-04
Stecu Stecu,2025-07-10
Foi Mal Deus (Ao Vivo),2025-07-10
Só Vivendo,2025-07-10
Fica com Deus (Ao Vivo),2025-07-17
KHE CALOR,2025-07-18
Caos De Alguém (Ao Vivo),2025-07-18
The Sick,2025-08-04
